Colonia,NombreSalud,UbicaSalud,TipoSalud,ClaseSalud
297,Centro de Salud La Primavera,Ignacio Allende Nº 76,1,1
299,Centro Médico,"Boulevard Puerta de Hierro Nº 5150, Plaza Corporativa Zapopan, Tel. 38484000, 38484020 y 38484021",2,2
299,Médico Neurólogo y Neurocirujano,"Elite Piso 17 Suite Nº 1705, Torre Médica, Centro Médico, Tel. 36005991 y 13682068",3,2
299,Neurospinemédica,"Piso 17, consultorio 1705 y 1706, Torre Médica, Tel. 39005991 y 39005968",3,2
299,Pediatra Integral,"Av. Empresarios Nº 150, Piso 16, Tel. 38485597 y 38485598.",3,2
306,Médico Dermatólogo,"Rinconada de Almeria Nº 1457, Tel. 36322512.",3,2
308,"Unidad Médica ""Nuestra Señora del Refugio""","Goya Nº 64, Tel. 36298601.",2,2
315,Médico Dermatólogo,"Av. Guadalupe Nº 4693 Int. 401, Tel. 36471659, Dra. Laura  Luz Bernal Bravo.",3,2
324,Médico Gastroenterólogo,"Coral Nº 2758, Tel. 36326362 y 36329963, Dr. Alfonso Becerra Llauger.",3,2
339,"Hospital ""Dr. Ángel Leaño""","Av. Dr.Ángel Leaño 500 esq. Juan Gil Preciado, Tel. 36488484 y 36488425, Dir.Isidro Zavala Trujillo.",5,2
343,Centro de Salud san Estebán (San Miguel Tateposco),Juarez e Hidalgo,1,1
345,"Sanatorio del Oriente, S. A.","Lagunitas Nº 908, Tel. 36557834 y 364466630.",2,2
346,Centro de Salud San Isidro,Carretera a San Estebán Nº 19,1,1
347,"Hospital ""De Jesús""","Tesistán Nº 779 (entre Hierro), Tel. 36330043, Dir. Dr. Salvador Becerra Delgadillo.",5,2
349,Centro de Salud San Juan de Ocotán,San Juan y Carretera Base Áerea.,1,1
355,Médico Psiquiatra,"Orquídea Nº 579, Tel. 36421264, Dra. Heidi Rangel Knoderer.",3,2
356,Centro de Salud Santa Ana Tepetitlán,Guadalupe Victoria Nº 40,1,1
361,Centro de Salud Santa Margarita,Acueducto s/n,1,1
364,Centro de Salud Santa Maria del Pueblito,Morelos Nº 56650.,1,1
371,Cruz Verde Norte,"Santa Lucia s/n., 3633 4415, 3633 4448 y 3818 2200 ext. 3905, 3913",1,1
371,"Médico Gastroenterólogo ""Best Pharma""","Av. Lázaro Cárdenas Nº 1445, Tel. 36663588.",3,2
373,Centro de Salud Tesistán,Jesús García Nº 16,1,1
379,Médico Oculista,"Prolongación Mariano Bárcenas Nº 693-P, Tel. 36604207, Dr. José de Jesús Alonso Sánchez.",3,2
381,Consultoría Biomédica,"Mayapan Nº 3488, Tel. 10794635.",3,2
382,"Unidad Médica Familiar ""La Tuzania"" del ISSSTE","Av. Laureles y Periférico, Tel. 31658137, Dir, Dr. Filibeerto Mtz, Navarro.",1,1
382,Medicina Interna,"Manzana 19 Nº 14, Tel. 36332090.",3,2
387,Médico Dermatólogos,"Av. Naciones Unidas Nº 5470, Tel. 36733383.",3,2
394,Centro de Salud Venta del Astillero Lázaro Cárdenas Nº 111Cruza con Tabachines,Lázaro Cárdenas Nº 111,1,1
370,Biocenter,"Av. Tabachines No. 3152, Tel. 36608082",3,2
399,Sanatorio de México S.A.,"Lourdes Nº 55, Tel. 36332777, 36560145 y 36560671.",2,2
314,Inexistente,,99,99
309,Inexistente,,99,99
341,Inexistente,,99,99
342,Inexistente,,99,99
405,Médico Endocrinólogo,"Madrigal Nº 4197, Tel. 36420389, Dr. Antonio Escalante Herrera.",3,2
408,Cruz Verde Villas de Guadalupe,"Carretera a Saltillo Nº 100 esq. Casiano Torres, 3625 1328.",1,1
421,Centro de Salud El Zapote,Chimalpopoca s/n esq. Apatzingán.,1,1
422,Clínica Estatal de Displacias,Zoquipán Nº 1050,2,1
422,Clínica del dolor y cuidados,Zoquipán Nº 1050,2,1
422,Instituto Jaliciense de Salud Mental,Zoquipan Nº 1000 - A.,5,1
422,Hospital General de Occidente,Zoquipán Nº. 1050.,5,1
11,Médico Dermatólogo,"Río Tomatlán No. 1127, Tel. 36314914",3,2
17,Médico Dermatólogo,"América Nº 580 Int. 1, Tel. 36332900 y 36337404.",3,2
17,Centro Oftalmológico de Guadalajara S.A. de C.V.,"Av. Américas Nº 1200, Tel. 38337373 y 37337374,",2,2
17,Médico Psiquiatra,"Altamira Nº 640, Tel. 36338775 y 33426904, Dr. Fernando Cortés.",3,2
17,"Clínica ""Serenidad""","Altamira Nº 640, Tel. 36338775.",2,2
19,Cirugía Estética y Reconstructiva,"Av. Nicolás Copernico Nº 3971, Tel. 36320055 y 33433571",2,2
19,Médico  Alergólogos,"Nicolás Copernico Nº 3912 l.8, Tel. 36137380, Dra. Rosalía Vargas Rodríguez",3,2
19,"Médico Ginecólogo, Ultrasonido 4d","Nicolás Copérnico Nº 4000, Tel. 36313051",3,2
19,"Especializaciones Médicas ""Arboledas""","Nicolás Copérnico Nº 5590, Tel. 36340043, 36345280",2,2
19,Médico Pediatra,"Nicolás Copernico Nº 3912, Tel. 36317380 y 36314691, Dr. Ernesto Gómez Hernández.",3,2
19,Médico Urólogo,"Nicolás Copérnico Nº 3912, Tel. 36317380 y 36314691, Dr. Ernesto Gómez Hernández",3,2
19,Hospital Arboledas,"Av. Nicolás Copérnico Nº 4000, Tel. 36313051 y 36314450",5,2
19,Clínica Galileo,"Virgen Nº 5586 y Galileo Galilei, Tel. 31338609 y 35879666.",2,2
21,Médico Homeópata,"Arco de la Estrella Nº 25, Tel. 36561232, Dra. Claudia M. Vera Tavares.",3,2
27,Inexistente,,99,99
19,Clínica San Pablo,Carnero y Pez Austral,2,2
19,Médica Sur,Carnero y Copérnico,2,2
19,Medic Care,Claudio Ptolomeo No. 2916,2,2
19,Núcleo de Diagnóstico,Copérnico No. 4089,3,2
19,Médica Koppernisk,Copérnico No. 3912,2,2
19,Núcleo Médico Carnero,Av. Carnero No. 5385,2,2
310,Unidad Médica Familiar No. 171 IMSS,"Av. López Mateos Sur No.l 3436, Tel. 36320857, 36323608 y 36328311",2,1
51,Cruz Verde Las Águilas,"Cruz del Sur No. 3535, Tel. 31344800 ext. 3954 y 3953. Tel. 36319471",5,1
291,- Inexistente -,,99,99
474,Inexistente,,99,99
475,Inexistente,,99,99
378,Inexistente,,99,0
32,Centro de Salud Balcones de la Cantera,Privada Diamantes Nº 25,1,1
24,Consultorio Medico y Dental,Guadalupe Victoria # 140 - A,3,1
36,"Unidad Médico Quirúrgica ""El Batán""","Zacatecas Nº 211, Tel. 36602636 y 38615007",2,2
38,"Centro de Salud, Benito Juárez","Privada Pilar Presa s/n, Jesús J. Martínez",1,1
46,"Centro de Salud ""El Briseño""",Mexicas Nº 4,1,1
46,"Clínica ""Nuestra Señora de Guadalupe""","Av. Las Torres Nº 31, Tel. 36844341 y 36848136.",2,2
49,Centro de Salud Los Cajetes,Las Torres S/N,1,1
51,Médico Ginecólogo,"Sagitario Nº 3725, Tel. 36312995, Dr. Guillermo Minakata Ochoa",3,2
51,Médico Homeópata,"Adolfo López Mateos Sur Nº 4165-13, Tel. 36324898, Dr. David Fragoso Zarate",3,2
51,Médico Otorrinolaringólogo,"Pegaso Nº 3585, Tel. 36321820 y 36346155, Dr. Jorge Glicerio González.",3,2
51,Médico Urólogo,"Pegaso Nº 3585, Tel. 36346155, Dr. Federico Minakata Ochoa.",3,2
54,"Médico Ortopedista ""Dicar Medical""","Calle del Carmen Nº 492-2, Tel. 36474195,",3,2
60,"Hospital del ISSSTE ""Valentín Gómez Farias""","Av . La Soledad Nº 203 esq. Ávila Camacho, Tel. 38360650 y 38360660",5,1
65,"Unidad Médica Familiar Nº 53, IMSS","Av. Laureles (esquina Hidalgo), Tel. 36565632, 36564887 y 36564615, Dir.José Francisco Luna Berumen",2,1
65,Médico Oculista,"Juárez Nº 185-A, Tel. 36569370, Dr. Raúl Busto Zermeno",3,2
65,Médico Psiquiatra,"20 de noviembre Nº 272, Tel. 38335814, Dr. Jorge Saucedo Pérez.",3,2
65,Hospital General de Zapopan,"Colón Nº 289, 3633 0929, 3633 0228 Y 3633 0352",5,1
71,Cínica del IMSS Nº 178,"Av. Guadalupe Nº 6215, Tel. 10021201 y 10021200, Dir. Irma Leticia Sánchez Escobedo.",1,1
71,Especialidades Médicas,"Av. Misión San Lorenzo Nº 538, Tel. 36154434.",2,2
109,Cruz Verde Federalismo,Federalismo y Tratado de Tlatelolco,2,1
109,Módulo de Servicios Médicos de la UAG,"Casa Club Rotarios de Guadalajara en Zapopan, Luis G. Monzón No. 432",3,2
71,Hospital de Especialidades IMSS/Privado,"Av. Misión San Lorenzo Nº 538, Tel. 33344333 y 31370607, Dr. José Luís Lupercio Medina .",5,2
41,"Centro de Salud "" Santa Margarita""",Av. Acueducto y San Pedro,1,1
377,-Inexistente-,,99,0
272,-inexistente-,,99,0
61,- Inexistente -,,99,99
259,- Inexistente -,,99,99
69,- Inexistente -,,99,99
143,- Inexistente -,,99,99
159,- Inexistente -,,99,99
70,Diagnóstico Médico,Tepeyac Tel. 31213413,3,2
70,Laboratorio Clínico,Niño Obrero 716,0,2
70,Patología Especializada Laboratorio,Niño Obrero 1538,0,2
70,Unidad de Patología Clínica,Niño Obrero 998,0,2
70,Laboratorio Clínico,Niño Obrero 1558,0,2
72,"Centro de Patología Clínica ""Chapo""",Niño obrero 482,2,2
72,Análisis Clínicos,Tepeyac y Av. de las Rosas,0,2
72,Médico Otorrinolaringólogo,"De las Rosas M. 73, Tel. 31222737, Dr. Juan Carlos Mendoza López",3,2
75,Unidad Médica,"Niño Obrero Nº 850 (entre Av. Guadalupe y San Diego), Tel. 36472389",3,2
75,Médico Cardiólogo,"Av. Niño Obrero Nº 846, Tel. 31211920 y 31211704, Dr Narciso de la Torre Jiménez",3,2
75,Médico Endocrinólogo,"Niño Obrero Nº 850, Tel. 31214273 y 31222899, Dr. Roberto Martínez Martínez",3,2
75,Especialidades de Occidente,"Niño Obrero Nº 1052, Tel. 36474344",2,2
75,Médico Pediatra,"Niño Obrero Nº 850, Tel. 31214273 y 31222899, Dr. Roberto Martínez y Martínez.",3,2
76,Médico Homeópata,"Aztlán Nº 255, Tel. 31226170, Dr. José Luís Arias García",3,2
76,Médico Psiquiatra,"Tezozomoc, Nº 249, Tel. 31228934, Dra. Ma. De los Ángeles Flores Barocio.",3,2
78,Centro de Salud Ciudad Granja,Paraísos Nº 1000,1,1
78,Ortíz Productos Médicos Ortopédicos y de Rehabilitación,"Av. Vallarta Nº 7233, Tel. 36270504 y 36270835",3,2
78,"Médicos Ortopédistas, Health Group Industrias de México S.A. de C.V","Vallarta Nº 7233-1, Tel. 36272291",3,2
97,Centro de Salud El Colli,Volcán Barú y Popocatépetl,1,1
108,Sanatorio Maternidad del Ángel,"Av. Venustiano Carranza Nº 824 (casi esq. Av. San Jorge), Tel. 36332355 y 38334565",2,2
117,"Clínica ""Estilos del Sol S.A. de C.V.""","Vallarta Nº 3959, Local 4, Tel. 31224501.",2,2
122,Clínica Médica Renacer (Brinda tratamiento de rehabilitación de adicciones),"Beethoven Nº 5091, Tel. 36291100 y 36296183, Dir. Dr. Amilcar Váldez Jiménez.",2,2
122,Clínica Reductivas Melo S.A. de C.V.,"Av. Patria Nº 306-8, Tel. 36734199.",2,2
127,Unidad Médica Familiar Nº 8 IMSS,"Av. Imperio Sur Nº 18 (Cruza con Baeza Alzaga), Tel. 36604653 y 36604653, Dir.Ramón Flores Manriquez",1,1
137,Centro de Salud Francisco Sarabia,Anastacio Bustamante esq. López Portillo.,1,1
141,Médico Homeópata,"Circunvalación Nº 98, Tel. 39156536.",3,2
164,Centro de Salud Hogares de Nuevo México,Guadalajara 2955,1,1
170,Centro de salud,Josefa Ortíz de Dominguez Nº 2,1,1
175,Centro de Salud Ixcatán,Calle Morelos Nº 24.,1,1
128,"Cirujano dentista ""Dr. Herrera""","Niño obrero No. 506, Tel. 36472731",3,2
128,"Pediatra Neonato ""Dra. Lourdes Lemus""",Niño obrero No. 508,3,2
304,- Inexistente -,,99,99
466,- Inexistente -,,99,99
465,- Inexistente -,,99,99
464,- Inexistente -,,99,99
463,- Inexistente -,,99,99
462,- Inexistente -,,99,99
472,- Inexistente -,,99,99
473,- Inexistente -,,99,99
171,- Inexistente -,,99,99
31,- Inexistente -,,99,99
75,Endermalogie,Tepeyac 4228 y Santa Teresa Tel. 31220009,2,2
75,Ginecología y Obstetricia,"Av. Guadalupe No. 4083-A, Tel. 36474077",3,2
178,Médico Gastroenterólogo,"José María Robles Nº 792, Tel. 36477251, Dr. Antonio Orozco Gamiz.",3,2
178,Centro Integral de Cirugia Plástica,"Av. Lázaro Cárdenas Nº. 3664, Tel. 36475098 y 31230963, Dr. Victor E. Vallejo Meza.",2,2
185,"Medico Ginecólogo ""Cryo Cell de México""","Av. M. J. Clouthier Nº 777-A, Tel. 31252522 y 31252523.",3,2
185,"Hospital ""Jardines de Guadalupe S.A. de C.V.""","Toreros Nº 666, Tel. 36286004.",5,2
216,Médico Psiquiatra,"Av. Zoquipan Nº 127 -1, Tel. 38252515 y 38268746, Dr. José Nájera Magallanes.",3,2
218,Centro de Salud Lomas de la Primavera,Nochebuena Nº 154 y Miguell de la Madrid,1,1
221,Médico Dermatólogo,"Av. Valdepeñas Nº 3732, Tel. 38344874.",3,2
229,Clínica Monte Blanco,"Av. Manuel J. Clouthier Nº 505, Tel. 36299913 y 36299509",2,2
229,Médico Otorrinolaringólogo,"Franz Shubert Nº 44904, Tel. 36294017, Dra.Ma. Isabel Fátima Rizo Macías.",3,2
233,Médico Ortopedista,"Paulino Navarro Nº 866, Tel. 38330130 y 38330140, Dr. Carlos E. Del Toro López.",3,2
238,Centro de Salud La Martinica,Pino s/n Nogal y Morelos,1,1
241,Centro de Salud Mesa de los ocotes,Paseo de las Crucecillas y Paseo de los Laureles,1,1
244,"Centro de Salud ""Arroyo Hondo""",Carretera a Saltillo y Piedras Negras.,1,1
250,Centro de Salud Miramar,Puerto Perla Escondida Nº 2691,1,1
255,Centro de Salud Nextipac,Deportivo Azteca s/n,1,1
260,Centro de Salud Nuevo Vergel,Herreros Nº 315,1,1
266,Centro de Salud Paraísos del Colli,Sidra Nº 489 y prolongación colli,1,1
273,Cruz Verde,"Luis Quintero Nº 750, tel. 3342 4743 y 3342 4751",1,1
275,Médico Otorrinolaringólogo,"Vallarta Nº 3240, Tel. 36327199 y 36479201, Dr. Victor Jaspersen Gastelum.",3,2
295,BrunoS,"Xochitl Nº 4686, Tel. 36477463.",3,2
220,Lomas de Tabachines,Chabacanos y Granados cruza Manzanos y Priv. Limones Tel. 12.02.02.31,1,1
201,Clinica dental,Av. Patria 4926-108,2,0
294,Molett Medical Unit,Sebastian Bach 4754 tel. 36292077 y 36291846,2,2
191,Centro de Salud Jardines de Nuevo México,Cuarta Norte No. 5463,1,1
178,Santa Maria Chapalita,"Av. Guadalupe N° 1666, Teleóno: 3678 1400",5,2
178,Unidad Fisiocoterapia musculo,José Ma. Robles N| 830,2,2
182,Inexistente,,99,0
213,Inexistente,,99,0
215,Inexistente,,99,0
211,Especialidades Médicas,"Conchitas N° 2816, telefóno 36326751",3,2
211,Clinica Médica de Acupuntura,"Conchitas N° 2986, telefóno 3634 4167",3,2
212,Inexistente,,99,0
245,Inexistente,,99,0
476,Inexistente,,99,99
267,Inexistente,,99,0
479,Inexistente,,99,0
210,Centro de Salud,Av. Patria  esquina Encinos,1,1
478,Inexistente,,99,0
477,Inexistente,,99,99
379,Sanatorio San Nicolás de Bari,"Club Oro y Periférico, Tel. 33662669",2,2
222,Centro de Salud Atemajac,Emiliano Zapata y Ramón Corona,1,1
222,Instituto Dermatológico de Jalisco,"Federalismo Norte No. 3102, esq. con Occidental",2,1
222,Hospital del Valle de Atemajac,Ramón Corona No. 55,5,2
408,Centro Bienestar IMSS Solidaridad,Pío V Enríquez 156,4,1
408,Hospital CUMAI,José María Martínez y Julián Rubio,5,2
233,"Hospital ""San Rafael""",Antonio Flores y Aurelio Ortega,5,2
367,"Clinica "" Fernando Banda"" Salud de los Enfermos A.C.","Aurelio Ortega No. 842 , Tel. 36.33.33.88",2,2
2,"Hospital "" El Refugio"" A.C.","Venustiano Carranza No. 1230-A, Tel. 36-60-39-64",2,2
10,-Inexistente-,,99,99
25,-Inexistente-,,99,99
28,-Inexistente-,,99,99
29,-Inexistente-,,99,99
39,-Inexistente-,,99,99
48,-Inexistente-,,99,99
58,-Inexistente-,,99,99
66,-Inexistente-,,99,99
67,-Inexistente-,,99,99
68,Hospital Paseo de la Victoria,"Av. Guadalupe S/N, Tel. 36200200",5,2
81,-Inexistente-,,99,99
87,-Inexistente-,,99,99
103,-Inexistente-,,99,99
105,-Inexistente-,,99,99
106,-Inexistente-,,99,99
112,-Inexistente-,,99,99
115,-Inexistente-,,99,99
118,-Inexistente-,,99,99
120,-Inexistente-,,99,99
121,-Inexistente-,,99,99
136,-Inexistente-,,99,99
147,-Inexistente-,,99,99
152,-Inexistente-,,99,99
161,-Inexistente-,,99,99
162,-Inexistente-,,99,99
165,-Inexistente-,,99,99
168,-Inexistente-,,99,99
189,-Inexistente-,,99,99
194,-Inexistente-,,99,99
195,-Inexistente-,,99,99
196,-Inexistente-,,99,99
199,-Inexistente-,,99,99
206,-Inexistente-,,99,99
224,-Inexistente-,,99,99
225,-Inexistente-,,99,99
228,-Inexistente-,,99,99
239,-Inexistente-,,99,99
242,-Inexistente-,,99,99
249,-Inexistente-,,99,99
254,-Inexistente-,,99,99
257,-Inexistente-,,99,99
262,-Inexistente-,,99,99
271,-Inexistente-,,99,99
282,-Inexistente-,,99,99
283,-Inexistente-,,99,99
325,-Inexistente-,,99,99
330,-Inexistente-,,99,99
354,-Inexistente-,,99,99
366,-Inexistente-,,99,99
368,-Inexistente-,,99,99
384,-Inexistente-,,99,99
395,-Inexistente-,,99,99
398,-Inexistente-,,99,99
402,-Inexistente-,,99,99
407,-Inexistente-,,99,99
409,-Inexistente-,,99,99
418,-Inexistente-,,99,99
423,Sanatorio San Juan de Dios,"Av. Laureles No. 55, Tel: (33) 3633-07-30 Fax (33) 3656-06-76",5,2
63,-inexistente-,,99,0
139,-inexistente-,,99,0
91,Programa de Medicina en la Comunidad (De la UAG),"Moctezuma no. 5235, y Cordilleras",3,1
308,Consultorio Medicina Gral. y Estetica,Velazquez #19 Col. Eucalipto Vallarta,3,2
308,Unidad Médico Quirúrgica,Av Miguel Angel #164 TEL. 36293636 Contacto Dr. Roberto Mercado Torres,2,2
47,Consultorio Medico Privado,Belizario Dominguez # 1480,0,0
47,Consultorio Medico Genericos,Belizario Dominguez # 1349 Tel. 13689323,0,1
47,San Miguel Arcanel,Javier Mina # 2415 Tel. 31803347 y 31807499,0,2
122,Da Vinci,Johann Sebastian Bach 5681,2,2
122,Dental Integral,Johann Sebastian Bach 5378,2,2
122,Dental Family,Ludwig Van Beethoven 5496,2,2
122,Unidad de Patologìa Clinica,Ludwing Van Beethoven 52229,2,2
122,Laboratorio Medico del Chopo,Ludwing Van Beethoven 5502 Tel. 36735733,2,2
122,Unidad de Oculoplastia,Ludwing Van Beethoven 5043 36294236,2,2
201,Clinica de rehabilitacion fisica,George Santayana 4963,2,0
405,Hospital Pablo Neruda,Av. Pablo Neruda 4150,5,2
405,Hospital Veterianario,Av. Patria y Virreyes Tel. 10.57.12.17,5,2
321,"Unidades de Especialidades Cardiologìa, Plastica y Reconstructiva, Reha. Mèdica.",Calle Lago Jinebra # 2732,2,0
352,Hopital Valentin Gomez Farias del ISSSTE,Av. Prol. Americas y Prol. Javier Mina,5,0
363,Consultorio del Dr. Raul Ortiz Avalos,Marina Mazamitla # 56,3,0
348,Centro de Salud la Magdalena,Calle Santa Magdalena,1,1
385,Consultorio de Odontologia Integral,Vicente Guerrero 280  Tel. 36.36.25.05,3,2
385,Consultorio Dr. Carlos Eduardo Martìn Mtnez.,Vicente Guerrero  181,3,2
428,Casa de Salud del Tempisque,En la parte posterior del templo,4,1
429,Casa de Salud del Mesón de Copala,Dentro de Preescolar (Calle López Mateos),4,1
430,- Inexistente -,,99,0
432,- Inexistente -,,99,0
119,Casa de Salud Rural Ejido Copalita,Calle Emiliano Zapata casi esq. con Flamingos,4,1
167,"Casa de salud rural ""Huaxtla""",Domicilio conocido,4,1
387,CIAMI,"Ricardo Guiraldes 5496, esq. Juan Palomar. Tel. 36298360",3,2
387,Fitness Kids Zone,"Ricardo Guiraldes No. 5496, esq. Juan Palomar, Tel. 36298360",3,2
438,-Inexistente -,,99,99
294,Ginecologia y Obstetricia,"Sebastian Bach 4752, Tel. 39158771",2,2
441,Inexistente,,99,99
439,Inexistente,,99,0
440,Inexistente,,99,99
442,Inexistente,,99,0
360,- Inexistente -,,99,0
446,-Inexistente-,,99,99
12,-Inexistente-,,99,99
22,Clínica La Esperanza,"Paseo Primavera No. 101-B, Tel. 10286762",2,2
22,Farmacia G.I. con servicio de consultorio,Tel. 31806080 y 10288894,3,2
86,-Inexistente-,,99,99
248,-Inexistente-,,99,99
447,-Inexistente-,,99,99
293,-Inexistente-,,99,99
448,-Inexistente-,,99,99
443,- Inexistente -,,99,99
449,- Inexistente -,,99,99
56,- Inexistente -,,99,99
234,- Inexistente -,,99,99
434,Casa de Salud Fuentecillas,Av. Fuentecillas S/N,4,1
435,- Inexistente -,,99,99
431,- Inexistente -,,99,99
450,- Inexistente -,,99,99
1,Dispensario Médico,"San Silvestre No. 1, entre Volcán Quinceo y San Martín, en la Capilla.",3,2
132,- Inexistente -,,99,99
261,- Inexistente -,,99,99
52,- Inexistente -,,99,99
80,- Inexistente -,,99,99
140,- Inexistente -,,99,99
452,- Inexistente -,,99,99
95,- Inexistente -,,99,99
236,- Inexistente -,,99,99
155,- Inexistente -,,99,99
322,- Inexistente -,,99,99
453,- Inexistente -,,99,99
258,- Inexistente -,,99,99
85,- Inexistente -,,99,99
375,Consultorio del Dr. Filiberto Hipólito Rivas,"Andador 1, No. 5",3,2
454,- Inexistente -,,99,99
90,- Inexistente -,,99,99
113,- Inexistente -,,99,99
451,- Inexistente -,,99,99
263,- Inexistente -,,99,99
455,- Inexistente -,,99,99
180,- Inexistente -,,99,99
83,"Centro de Salud ""Lomas de la Primavera""",Miguel de la Madrid y Noche Buena,1,1
83,Centro de Intervención Comunitaria Univa,Flor de Jamaica y Chapala,3,1
19,Torre Italis Medical,"Copérnico No. 3817, Tel. 38840120",2,2
19,Unidad Materno Infantil,"Copérnico No. 3685, Tel. 36321557",2,2
19,Hospital Galileo,"Galileo Galilei, Tel. 35879666",5,2
274,- Inexistente -,,99,99
380,Medic Care,Ptolomeo y J. Keppler,2,2
369,- Inexistente -,,99,99
456,- Inexistente -,,99,99
365,Hospital Santa Lucía (en construcción),Acueducto y 5 de mayo,5,1
169,- Inexistente -,,99,99
97,Unidad Médica Familiar El Colli,"Volcán Ceboruco No. 2157, Tel. 36288645",3,2
146,- Inexistente -,,99,99
226,- Inexistente -,,99,99
93,- Inexistente -,,99,99
319,- Inexistente -,,99,99
34,- Inexistente -,,99,99
151,- Inexistente -,,99,99
426,- Inexistente -,,99,99
427,Cruz verde,Prol. Federalismo y Luis Quintero,2,1
427,Centro de Intervención en Crisis (CICRI),Prol. Federalismo y Luis Quintero,2,1
14,- Inexistente -,,99,99
125,Unidad Médica Familiar 178 del IMSS,"Av. Guadalupe 6125, esq. Tchaicovski",2,1
154,- Inexistente -,,99,99
376,- Inexistente -,,99,99
337,Casa de Salud Rural Río Blanco,"Independencia, junto al 6365",4,1
459,- Inexistente -,,99,99
457,- Inexistente -,,99,99
458,- Inexistente -,,99,99
338,- Inexistente -,,99,99
411,Consultorio Médico,"Av. de las Calandrias, junto al 1757",3,2
411,Consultorio dental,Av. de las Calandrias y Orquídea,3,2
460,- Inexistente -,,99,99
461,-Inexistente-,,99,99
50,- Inexistente -,,99,99
54,Médico Militar,"Santa Teresa de Jesús No. 609, Tel. 31211890",3,2
54,"Enfermedades de la Mujer, Dra. Ma. Guadalupe Zavala",Santa Teresa de Jesús No. 545,3,2
62,Dispensario Médico UAG,Hidalgo S/N,2,2
130,- Inexistente -,,99,99
20,Dra. Mercees Irene Briseño Félix,Rafael Sanzio No. 581 esq. Comerciantes,3,2
20,Consultorios Médicos Arcos de Guadalupe,"Agrónomo No. 5474, Tel. 31251244",2,2
82,- Inexistente -,,99,99
298,- Inexistente -,,99,99
414,- Inexistente -,,99,99
471,- Inexistente -,,99,99
467,- Inexistente -,,99,99
467,,,99,99
468,- Inexistente -,,99,99
469,- Inexistente -,,99,99
470,- Inexistente -,,99,99
150,- Inexistente -,,99,99
163,Clínica del Norte,"Guadalajara 4632, Tel. 36720681",2,2
153,- Inexistente -,,99,99
64,- Inexistente -,,99,99
133,- Inexistente -,,99,99
148,- Inexistente -,,99,99
124,- Inexistente -,,99,99
78,"Urgencias Día y Noche ""Dr. Daniel del Aguila Cavallier""","Calzada Norte y Av. Central, tel. 36274421",2,2
78,Centro Médico Ciudad Granja,Av. Central 86,2,2
68,Clínica de Microcirugía de Catarata,"Av. Guadalupe No. 5040, Tel. 35874772",2,2
318,Inexistente,,99,0
96,Inexistente,,99,0
198,Inexistente,,99,0
186,Inexistente,,99,0
178,"SEEMAX ""Centro de Laser y Cirugía""",San Ignacio N° 140,2,2
185,Centro de Ortopedia y Medicina del Deporte,"Patria N° 649, telefono 3628 2801/41",2,2
185,"Medical Center ""Cirugia Estetica""",Av. Guadalupe N° 4970,2,2
185,"Santa Ana ""Cirugia Plastica""",Av. M. Clouthier N° 720,2,2
350,Casa de Salud Rural San Lorenzo,"Frente a la Iglesia, calle Galeana",4,1
217,inexistente,,99,0
229,Nucleo Médico Beethoven,"Beethoven N° 4751, Telefóno 3673 3807 y 3673 4507",2,2
268,Inexsitente,,99,0
269,Inexistente,,99,0
270,Inexistente,,99,0
223,Inexistente,,99,0
480,Inexistente,,99,0
486,Inexistente,,99,0
484,Inexistente,,99,0
485,Inexistente,,99,0
483,Inexistente,,99,0
482,Casa de Salud,"Paseo de los Lirios, Jazmin y Ciruelos",4,1
481,Inexistente,,99,0
252,Inexistente,,99,0
134,Inexistente,,99,0
214,Inexistente,,99,0
301,Inexistente,,99,0
490,Inexistente,,99,0
491,Inexistente,,99,0
489,Inexistente,,99,99
487,Inexistente,,99,0
488,Inexistente,,99,0
126,- Inexistente -,,99,99
492,Inexistente,,99,0
289,Inexistente,,99,0
493,Inexistente,,99,0
494,Inexistente,,99,0
303,Inexistente,,99,0
311,Inexistente,,99,0
495,Inexistente,,99,0
496,Inexistente,,99,0
497,Inexistente,,99,0
353,Inexistente,,99,0
310,Especialidades Médicas,"Kepler N° 3243, Telefono 3133 1084",2,2
310,Dra. C. Marcela Cordova S. Otorrinolaringologo Audiologico,Simón Laplace N° 4041,3,2
324,Dr. Pet     Clinica Veterinaria,Lapizla Zuli N° 2949 y Perla,2,2
324,Clinica Integral,"Obsidiana N° 2643, Telefono 10785944",2,2
251,Inexistente,,99,0
498,Inexistente,,99,0
499,Inexistente,,99,0
500,Inexistente,,99,0
501,Inexistente,,99,0
502,Inexistente,,99,0
503,Inexistente,,99,0
504,Inexistente,,99,0
7,Consultorio dental Dr. Sergio Fernández,Reforma 1616,3,2
7,Consultorio médico Dr. Ramírez Segura,Guadalupe Gallo 99,3,2
287,Inexistente,,99,99
506,Inexistente,,99,0
505,Inexistente,,99,0
420,Inexistente,,99,99
357,Dental Maberic,"Yaxuma y Chimalpopoca, tel. 3628 8537",3,2
357,Dr. Gustavo Álvarez S. Dentesta,Chancanab y Moctezuma,3,2
331,Inexistente,,99,99
329,Inexistente,,99,99
160,Sin datos,,99,99
374,- Inexistente -,,99,99
129,- Inexistente -,,99,99
507,Inexistente,,99,99
508,Inexistente,,99,99
356,Consultorio Médico,Aquíles Médicos,3,2
356,Consultorio Dental,Allenda y Josefa de Domínguez,3,2
356,Dispensario Homopático,Guadalupe Victoria N° 57,3,1
356,"Dental ""Santa Ana""",Guadalupe Victoria N° 71,3,2
356,Clinica Santa Ana,primavera N° 2125,2,2
510,Inexistente,,99,99
509,Inexistente,,99,99
15,Inexistente,,99,99
511,Inexistente,,99,99
512,Inexistente,,99,99
30,Inexistente,,99,99
65,Odontopediatra,Laureles N° 210-A,3,2
65,Dentista,20 de noviembre N° 263,3,2
65,Psiquiatría,"Hidalgo N° 638-B, tel. 36330754",3,2
65,Nucleo Odontólogico Escobar,"López Cotilla N° 48, www.nucleoescobar.com",3,2
65,Clínica Sta. María de Guadalupe,"Libertad N° 265, Tel. 36331301",5,2
332,Inexistente,,99,99
327,Inexistente,,99,99
389,Inexistente,,99,99
419,Inexistente,,99,99
516,Inexistente,,99,99
515,Inexistente,,99,99
514,Inexistente,,99,99
3,Inexistente,,99,99
107,Inexistente,,99,99
517,Inexistente,,99,99
340,Inexistente,,99,99
372,Inexistente,,99,99
392,Inexistente,,99,99
285,Inexistente,,99,99
519,Inexistente,,99,99
520,Inexistente,,99,99
518,Inexistente,,99,99
521,Inexistente,,99,99
522,Inexistente,,99,99
523,Inexistente,,99,99
524,Inexistente,,99,99
43,Ángel Leaño,Av. A. Leaño,5,2
45,Inexistente,,99,99
526,Inexistente,,99,99
525,Inexistente,,99,99
513,Inexistente,,99,99
149,Inexistente,,99,99
40,Inexistente,,0,0
527,Inexistente,,99,99
528,Inexistente,,99,99
388,Inexistente,,99,99
532,"Casa de Salud ""San Rafael""",Domicilio conocido,3,1
533,Inexistente,,0,0
529,Casa de Salud,Domicilio Conocido,3,1
277,Inexistente,,99,99
531,Inexistente,,99,99
530,Inexistente,,0,0
240,Inexistente,,0,0
22,Centro de salud,Bario y Pirita,0,0
297,Centro de salud,Miguel Hidalgo,1,0
543,Unidad Medica de Especialidades Girasoles,Acueducto  1290,0,2
544,Unidad Medica del Valle,San Felipe # 1154 y Valle de Atemajac,0,2
